Suburb,Region,AveragePrice,AverageLandSize,AverageBuildingArea,AverageRooms,AverageBathroom,AverageCar,AverageYearBuilt
Abbotsford,Northern Metropolitan,1126410.256,227.1282051,108.4615385,2.487179487,1.41025641,0.948717949,1945.410256
Airport West,Western Metropolitan,766807.7115,424.3846154,141.1801923,3.096153846,1.634615385,1.884615385,1984.442308
Albert Park,Southern Metropolitan,1950985.294,152.9411765,128.5735294,2.794117647,1.588235294,0.705882353,1906.764706
Alphington,Northern Metropolitan,1446500,416.8333333,153.1111111,3.277777778,1.666666667,1.944444444,1953.944444
Altona,Western Metropolitan,822311.7647,402.8823529,119.0294118,2.911764706,1.588235294,1.882352941,1981.088235
Altona North,Western Metropolitan,770424.2424,453.2727273,154.1515152,3.090909091,1.363636364,2.575757576,1973.030303
Armadale,Southern Metropolitan,1735714.286,473.5918367,129.9026531,2.734693878,1.591836735,1.448979592,1943.22449
Ascot Vale,Western Metropolitan,1125455.056,455.0786517,148.988764,3.04494382,1.640449438,1.483146067,1937.123596
Ashburton,Southern Metropolitan,1857119.048,632.3809524,210.8809524,3.642857143,2.19047619,2.333333333,1967.666667
Ashwood,Southern Metropolitan,1191117.647,544.8529412,161.3823529,3.117647059,1.705882353,1.941176471,1971.235294
Avondale Heights,Western Metropolitan,826897.4359,536.974359,148.5641026,3.282051282,1.666666667,1.538461538,1977.538462
Balaclava,Southern Metropolitan,860781.25,276.4375,89.5625,2.375,1.1875,1.125,1945.3125
Balwyn,Southern Metropolitan,2004811.594,577.4057971,214.0834783,3.434782609,2.115942029,1.797101449,1972.942029
Balwyn North,Southern Metropolitan,1965493,680.09,221.27,3.91,2.26,2.17,1972.73
Bentleigh,Southern Metropolitan,1375094.937,492.0759494,188.8860759,3.35443038,1.911392405,1.962025316,1971
Bentleigh East,Southern Metropolitan,1122883.246,476.1086957,157.3486232,3.289855072,1.739130435,1.934782609,1974.15942
Box Hill,Eastern Metropolitan,1495067.294,538.2058824,155.3823529,3.264705882,1.676470588,1.676470588,1944.676471
Braybrook,Western Metropolitan,673716.129,443.5806452,124.9354839,2.967741935,1.419354839,1.419354839,1976.032258
Brighton,Southern Metropolitan,2118946.75,468.7708333,197.96875,3.291666667,1.979166667,1.875,1958.8125
Brighton East,Southern Metropolitan,1690718.605,570.2093023,194.2696512,3.5,2.011627907,2.034883721,1960.5
Brunswick,Northern Metropolitan,1079667.763,341.6118421,129.5608553,2.809210526,1.401315789,1.184210526,1939.546053
Brunswick West,Northern Metropolitan,849051.2821,400.9102564,115.8076923,2.666666667,1.269230769,1.346153846,1954.435897
Bulleen,Eastern Metropolitan,1150754.054,578.6486486,199.1891892,3.540540541,1.945945946,2,1973.567568
Burwood,Southern Metropolitan,1307521.739,554.3478261,164.55,3.652173913,2,1.760869565,1973.391304
Camberwell,Southern Metropolitan,1853112.644,588.7931034,212.4367402,3.482758621,1.91954023,1.83908046,1952.942529
Canterbury,Southern Metropolitan,2467462.963,890.8148148,226.5851852,3.592592593,2.111111111,2.037037037,1953.222222
Carlton North,Northern Metropolitan,1755882.353,249.9411765,132.7058824,2.823529412,1.470588235,0.882352941,1927.882353
Carnegie,Southern Metropolitan,941434.023,337.5747126,120.2873563,2.540229885,1.471264368,1.425287356,1969.068966
Caulfield,Southern Metropolitan,513375,326.25,108,2.5,1.25,1.25,1962.5
Caulfield North,Southern Metropolitan,918166.6667,461.6111111,109.85,2.166666667,1.277777778,1.222222222,1970.055556
Caulfield South,Southern Metropolitan,1318848.485,399.4242424,151.2121212,2.939393939,1.727272727,1.606060606,1959.787879
Chadstone,Southern Metropolitan,942481.4815,389.0740741,126.4814815,3.259259259,1.777777778,1.592592593,1988.592593
Clifton Hill,Northern Metropolitan,1231241.379,241.4482759,116.4137931,2.586206897,1.413793103,0.827586207,1932.482759
Coburg,Northern Metropolitan,924609.4519,381.8666667,132.1922963,3.007407407,1.4,1.503703704,1950.296296
Coburg North,Northern Metropolitan,811631.5789,448,121.3421053,3.078947368,1.447368421,2,1969.157895
Collingwood,Northern Metropolitan,908404.7619,649.452381,94.73809524,2.047619048,1.285714286,0.880952381,1937.571429
Doncaster,Eastern Metropolitan,1325555.072,597.7391304,182.9130435,3.608695652,2.028985507,1.942028986,1980.217391
Eaglemont,Eastern Metropolitan,1615222.222,665.2222222,217.0555556,3.444444444,1.833333333,1.722222222,1955.055556
Elsternwick,Southern Metropolitan,1424729.167,439.7291667,174.9583333,2.958333333,1.645833333,1.5,1942
Elwood,Southern Metropolitan,991177.7108,326.7228916,94.54819277,2.253012048,1.361445783,1.13253012,1955
Essendon,Western Metropolitan,1185776.86,416.1735537,162.5123967,3.066115702,1.669421488,1.710743802,1962.363636
Essendon North,Western Metropolitan,798214.2857,252.5714286,115.1714286,2.785714286,1.571428571,1.428571429,1965.571429
Fairfield,Northern Metropolitan,1121133.333,338.2,118.2333333,2.833333333,1.333333333,1.433333333,1956.866667
Fitzroy,Northern Metropolitan,1240214.286,760.4,114.4285714,2.342857143,1.457142857,1.057142857,1950.971429
Fitzroy North,Northern Metropolitan,1361552.083,262.5208333,123.3375,2.6875,1.541666667,0.875,1922.479167
Flemington,Northern Metropolitan,860828.9474,212.7105263,98.70789474,2.421052632,1.105263158,0.789473684,1931.973684
Footscray,Western Metropolitan,732623.6559,297.516129,101.2870968,2.548387097,1.247311828,1.215053763,1951.548387
Glen Iris,Southern Metropolitan,1755777.778,575.030303,179.030303,3.202020202,1.858585859,1.919191919,1953.434343
Glenroy,Northern Metropolitan,680365.8559,521.3963964,127.533964,3.054054054,1.36036036,2.18018018,1974.162162
Gowanbrae,Western Metropolitan,714326.9231,473.2307692,175.5,3.423076923,2,1.961538462,2005.692308
Hadfield,Northern Metropolitan,675134.7,497.125,128.5,2.95,1.5,2,1972
Hampton,Southern Metropolitan,1801183.333,660.6,203.5833333,3.483333333,2.033333333,1.85,1967.866667
Hampton East,Southern Metropolitan,1117684.211,426.2631579,145.8947368,3.157894737,1.578947368,1.631578947,1973.736842
Hawthorn,Southern Metropolitan,1489617.925,532.1886792,129.3757547,2.594339623,1.490566038,1.330188679,1947.783019
Heidelberg Heights,Eastern Metropolitan,759767.8571,482.2380952,117.25,2.952380952,1.380952381,1.69047619,1966.761905
Heidelberg West,Eastern Metropolitan,645583.3333,471.2222222,96.48,2.740740741,1.074074074,1.407407407,1961.074074
Hughesdale,Southern Metropolitan,1111250,433.2307692,135.1073077,3.076923077,1.615384615,1.692307692,1950.269231
Ivanhoe,Eastern Metropolitan,1380557.692,513.3076923,177.0384615,3.173076923,1.807692308,1.538461538,1968.038462
Kealba,Western Metropolitan,621266.6667,573.0666667,166.8666667,3.666666667,1.666666667,2.466666667,1983.933333
Keilor East,Western Metropolitan,853034.1772,560.0126582,168.556962,3.430379747,1.886075949,1.936708861,1984.278481
Kensington,Northern Metropolitan,846049.0476,380.7460317,103.1222222,2.333333333,1.317460317,1.031746032,1968.269841
Kew,Southern Metropolitan,1960593.137,518.1470588,197.6623529,3.441176471,2.009803922,1.823529412,1947.147059
Kew East,Southern Metropolitan,1795642.857,641.2142857,201.1071429,3.714285714,1.892857143,2.25,1953.071429
Maidstone,Western Metropolitan,674000,725.1568627,121.047451,2.745098039,1.431372549,1.666666667,1981.588235
Malvern,Southern Metropolitan,2272594.595,389.1621622,187.2675676,3.27027027,1.945945946,1.756756757,1946.162162
Malvern East,Southern Metropolitan,1677044.598,433.3414634,167.5609756,3.109756098,1.829268293,1.792682927,1953.170732
Maribyrnong,Western Metropolitan,912583.7838,1279.702703,152.6910811,3.027027027,1.77027027,2.081081081,1981.27027
Melbourne,Northern Metropolitan,586387.0968,252.4516129,76.19354839,1.806451613,1.193548387,0.774193548,1987.419355
Middle Park,Southern Metropolitan,2665115.385,246.2307692,158.8076923,3.192307692,1.692307692,1.115384615,1906.461538
Mont Albert,Eastern Metropolitan,1814529.412,634.3529412,177.1176471,3.352941176,2.176470588,2.058823529,1955.352941
Moonee Ponds,Western Metropolitan,1148019.802,364.5049505,146.9722772,3.02970297,1.594059406,1.495049505,1947.514851
Moorabbin,Southern Metropolitan,981551.1364,517.0681818,137.4545455,3.068181818,1.659090909,1.727272727,1971.022727
Newport,Western Metropolitan,1026907.692,401.0549451,139.8681319,3.131868132,1.516483516,1.747252747,1957.879121
Niddrie,Western Metropolitan,1012380.952,461.952381,178.3509524,3.119047619,1.80952381,1.69047619,1983.285714
North Melbourne,Northern Metropolitan,872915.3111,246.5555556,89.22222222,2.133333333,1.333333333,1,1969.533333
Northcote,Northern Metropolitan,1310561.224,317.8367347,125.0612245,2.826530612,1.357142857,1.336734694,1938.683673
Oak Park,Northern Metropolitan,797345.9714,447,144.7714286,3.171428571,1.485714286,1.742857143,1982.4
Oakleigh South,South-Eastern Metropolitan,1017604.594,546.96875,157.71875,3.46875,1.59375,2,1973.375
Parkville,Northern Metropolitan,1802545.455,803.1818182,140.6363636,2.727272727,1.636363636,1,1927.090909
Pascoe Vale,Northern Metropolitan,762090.4762,394.2952381,132.852381,2.952380952,1.428571429,1.561904762,1976.533333
Port Melbourne,Southern Metropolitan,1329672.414,633.2413793,119.1724138,2.586206897,1.597701149,1.126436782,1961.586207
Prahran,Southern Metropolitan,1196561.429,457.2571429,108.3785714,2.3,1.385714286,0.985714286,1936.642857
Preston,Northern Metropolitan,911895.8333,456.675,131.8105,2.916666667,1.408333333,1.8,1953.566667
Reservoir,Northern Metropolitan,662421.134,428.8041237,120.7558247,2.75257732,1.298969072,1.778350515,1974.458763
Richmond,Northern Metropolitan,1091469.355,633.1419355,101.2864516,2.44516129,1.496774194,1.103225806,1955.012903
Rosanna,Eastern Metropolitan,930125,507.1071429,152.7142857,3.285714286,1.571428571,1.642857143,1969.25
Seddon,Western Metropolitan,989000,245.2325581,122.3255814,2.744186047,1.418604651,0.860465116,1931.906977
South Melbourne,Southern Metropolitan,1392097.826,162.3695652,119.6436957,2.673913043,1.717391304,0.956521739,1934.043478
South Yarra,Southern Metropolitan,1164614.13,384.4782609,100.5543478,2.184782609,1.380434783,0.967391304,1954.293478
Southbank,Southern Metropolitan,646931.8182,765.7272727,90.27272727,2.136363636,1.545454545,1,1999.590909
Spotswood,Western Metropolitan,933318.1818,401.9545455,144.7545455,3.045454545,1.409090909,1.5,1953.409091
St Kilda,Southern Metropolitan,936103.2609,427.4891304,98.46086957,2.119565217,1.326086957,1.184782609,1959.163043
Strathmore,Western Metropolitan,1340059.524,559.7380952,208.1666667,3.595238095,2.119047619,2.047619048,1977.190476
Sunshine,Western Metropolitan,763755.7692,491.2884615,136.2084615,3.076923077,1.230769231,1.634615385,1957.788462
Sunshine North,Western Metropolitan,682165.625,574.96875,150.675,3.34375,1.40625,2.125,1967.96875
Sunshine West,Western Metropolitan,594612.069,560.0862069,138.4491379,3.172413793,1.431034483,1.896551724,1978.137931
Surrey Hills,Southern Metropolitan,1788395.522,601.3432836,200.3661194,3.582089552,1.955223881,1.985074627,1951.19403
Templestowe Lower,Eastern Metropolitan,1232603.175,677.6507937,190.6984127,3.841269841,2.047619048,2.111111111,1974.285714
Thornbury,Northern Metropolitan,1033915.422,305.6,114.0222222,2.566666667,1.377777778,1.477777778,1952.411111
Toorak,Southern Metropolitan,1913365.854,369.0243902,165.3902439,2.658536585,1.853658537,1.585365854,1963.658537
Viewbank,Eastern Metropolitan,927500,593.2083333,177.7083333,3.458333333,1.916666667,1.958333333,1972.833333
Watsonia,Northern Metropolitan,759086.2069,529.7586207,123.4965517,3.068965517,1.344827586,1.310344828,1970.586207
West Melbourne,Northern Metropolitan,970476.1905,165.4285714,126.047619,2.380952381,1.619047619,1.19047619,1963.571429
Williamstown,Western Metropolitan,1443957.143,329.3714286,154.3882857,3.185714286,1.728571429,1.528571429,1961.885714
Williamstown North,Western Metropolitan,952950,325,138.935,3,1.5,1.9,1964.5
Windsor,Southern Metropolitan,965125,265.1428571,92.69285714,2.142857143,1.321428571,1.285714286,1957.035714
Yallambie,Northern Metropolitan,873694.4444,587.6666667,161.5777778,3.5,1.888888889,1.555555556,1982.722222
Yarraville,Western Metropolitan,1047579.676,335.5585586,128.3192793,3,1.486486486,1.522522523,1949.144144
Aberfeldie,Western Metropolitan,1462965.517,540.2758621,166.9068966,3.344827586,2.068965517,1.896551724,1976.172414
Bellfield,Eastern Metropolitan,809555.5556,565.3333333,104.7211111,2.888888889,1.333333333,2,1958
Brunswick East,Northern Metropolitan,1058288.462,215.1538462,117.0346154,2.692307692,1.461538462,1.269230769,1953.576923
Burnley,Northern Metropolitan,1421168.333,152.1666667,122.1666667,2.5,1.333333333,1,1938.166667
Carlton,Northern Metropolitan,955243.1818,226.5454545,89.57272727,2.318181818,1.363636364,0.954545455,1944.227273
East Melbourne,Northern Metropolitan,1257857.143,171.7142857,100.7142857,1.857142857,1.571428571,0.857142857,1970.857143
Essendon West,Western Metropolitan,1156062.5,512.6875,193.75,3.875,2.0625,1.625,1975.9375
Fawkner,Northern Metropolitan,659924.2424,517.030303,125.4439394,3.075757576,1.46969697,2.060606061,1971.318182
Hawthorn East,Southern Metropolitan,1598244.344,441.640625,152.765625,3,1.65625,1.5,1952.453125
Heidelberg,Eastern Metropolitan,896979.1667,480.5833333,136.2916667,2.833333333,1.25,1.541666667,1976.166667
Ivanhoe East,Eastern Metropolitan,1906800,875,230.6,3.666666667,2.2,1.8,1956.4
Jacana,Northern Metropolitan,541978.2609,624.6521739,105.183913,3.086956522,1.217391304,1.608695652,1964.826087
Kingsbury,Northern Metropolitan,660916.8333,464.1666667,136.3333333,3.333333333,1.333333333,1.166666667,1972.5
Kingsville,Western Metropolitan,928667.8571,249.5357143,118.9642857,2.892857143,1.464285714,1,1933.321429
Murrumbeena,Southern Metropolitan,1074968,670.5365854,137.7317073,2.804878049,1.487804878,1.512195122,1968.268293
Ormond,Southern Metropolitan,1126969.388,424.5510204,140.6010204,2.857142857,1.551020408,1.551020408,1966.938776
West Footscray,Western Metropolitan,817728.8136,404.0677966,136.8171186,3.06779661,1.305084746,1.813559322,1951.169492
Albion,Western Metropolitan,628000,583.7037037,114.7407407,2.703703704,1.37037037,1.814814815,1966.185185
Brooklyn,Western Metropolitan,612420,274.8,115.6,2.2,1.2,1.8,1997.2
Glen Huntly,Southern Metropolitan,1073500,566.5555556,138.2222222,2.666666667,1.444444444,1.333333333,1956.111111
Oakleigh,Southern Metropolitan,1174578.125,536.96875,164.34375,3.46875,1.71875,1.90625,1948.375
Ripponlea,Southern Metropolitan,803375,439.75,89,2,1.25,1,1964
Cremorne,Northern Metropolitan,1104464.286,159.3571429,112.7857143,2.428571429,1.357142857,1.428571429,1941.714286
South Kingsville,Western Metropolitan,704583.3333,307.5833333,129.75,2.833333333,1.583333333,1.833333333,1986.5
Strathmore Heights,Western Metropolitan,997999.75,516.25,206,3.5,2,2,1987
Travancore,Western Metropolitan,935357.1429,2560.428571,119.9285714,2.714285714,1.571428571,1.571428571,1959.857143
Caulfield East,Southern Metropolitan,1472000,592.5,181.5,4.5,2,1.5,1907.5
Seaholme,Western Metropolitan,1387500,684,220.4,4,2.5,6,1987.5
Keilor Park,Western Metropolitan,637357.1429,478.7142857,143.0714286,3.214285714,1.571428571,1.5,1981.642857
Gardenvale,Southern Metropolitan,1195166.667,327.3333333,146,3.166666667,1.833333333,1.833333333,1964.833333
Princes Hill,Northern Metropolitan,1802666.667,217.6666667,154,3,1.333333333,0.333333333,1896.666667
Bayswater,Eastern Metropolitan,766033.3333,625.9333333,134.2,3.4,1.8,2.6,1975.733333
Briar Hill,Eastern Metropolitan,808214.2857,688.7142857,157,2.857142857,1.428571429,1.714285714,1979
Broadmeadows,Northern Metropolitan,560095.2381,523.8571429,108.7242857,3.095238095,1.19047619,1.80952381,1972.428571
Burnside Heights,Western Metropolitan,640750,498.75,247.75,3.5,2.25,2.25,2006.25
Cairnlea,Western Metropolitan,706250,480.5,192.545,3.5,2,2,2007
Cheltenham,Southern Metropolitan,1071600,521.1,154.6125,3.15,1.75,2.175,1979
Craigieburn,Northern Metropolitan,557673.9362,489.9042553,159.9181915,3.489361702,1.861702128,1.829787234,2003.989362
Croydon,Eastern Metropolitan,888233.3333,831.1333333,178.9333333,3.633333333,1.7,1.9,1974.966667
Dandenong North,South-Eastern Metropolitan,685831.25,590.1875,145,3.4375,1.75,1.875,1977.8125
Diamond Creek,Northern Victoria,814250,757.75,172.875,3.375,1.875,1.875,1982.25
Doncaster East,Eastern Metropolitan,1301531.25,614.53125,187.64125,3.71875,2.125,1.96875,1981.625
Donvale,Eastern Metropolitan,1264285.714,1110.952381,196.2161905,3.904761905,2.095238095,2,1986.47619
Doreen,Northern Victoria,583642.8571,412.5,171.0714286,3.357142857,2.071428571,1.928571429,2012.142857
Eltham,Eastern Metropolitan,1003250,826.4,191.1,3.75,2.1,1.95,1980.45
Epping,Northern Metropolitan,615987.2881,509.8813559,152.0854237,3.338983051,1.661016949,2,1992.949153
Frankston North,Eastern Victoria,529428.5714,625.5714286,122.8571429,3.142857143,1.285714286,1.857142857,1965
Frankston South,South-Eastern Metropolitan,982333.3333,1051.5,184.6666667,3.416666667,1.583333333,2.166666667,1975.166667
Greensborough,Northern Metropolitan,838132.3529,680.6176471,159.2647059,3.5,1.882352941,1.882352941,1975.794118
Healesville,Northern Victoria,650000,724,156.6,3,2,4,2009
Highett,Southern Metropolitan,1330631.579,522.6842105,216.1578947,3.368421053,1.789473684,1.842105263,1973.526316
Hillside,Western Metropolitan,667758,696.64,201.8,4.04,2.12,2.2,2000.16
Huntingdale,Southern Metropolitan,1033333.333,515.3333333,79.33333333,3.333333333,1.666666667,2.666666667,1975
Keilor Downs,Western Metropolitan,692400,713.9333333,177.2646667,3.533333333,1.8,2.6,1985.333333
Keysborough,South-Eastern Metropolitan,838555.5556,526.3333333,169.7777778,3.666666667,1.555555556,2,1985.555556
Kings Park,Western Metropolitan,547666.6667,570.1666667,119.3166667,3.333333333,1.333333333,2.333333333,1977.833333
Lalor,Northern Metropolitan,626066.6667,555.9,150.8,3.1,1.266666667,2.1,1973.766667
Melton,Western Victoria,438843.75,731.6875,144.71,4.0625,1.8125,2.0625,1978.375
Mernda,Northern Metropolitan,616060,462,160.56,3.6,1.88,2,2008.36
Mill Park,Northern Metropolitan,681056.6038,577.754717,155.2018868,3.471698113,1.754716981,1.79245283,1986.849057
Mitcham,Eastern Metropolitan,1067408.333,556.0416667,155.15,3.166666667,1.625,1.791666667,1975.791667
Montmorency,Eastern Metropolitan,910272.7273,625.5454545,165.9090909,3.727272727,1.818181818,1.818181818,1980.818182
Mount Waverley,Eastern Metropolitan,1508379.487,667.7179487,199.9607692,3.666666667,2.128205128,1.923076923,1958.051282
Nunawading,Eastern Metropolitan,972866.6667,484.5333333,147.6666667,3.266666667,1.666666667,1.866666667,1977.4
Parkdale,South-Eastern Metropolitan,1326312.5,511.75,164.85,3.25,1.75,2.25,1974.35
Point Cook,Western Metropolitan,679757.2222,494.0555556,205.0972222,3.861111111,2.027777778,1.944444444,2007.972222
Rowville,South-Eastern Metropolitan,882733.3333,639.75,207.3333333,3.916666667,2,1.916666667,1991.083333
Sandringham,Southern Metropolitan,1671840.909,475.7727273,180.9545455,3.636363636,1.909090909,1.636363636,1957.545455
Seaford,South-Eastern Metropolitan,747117.6471,639.2941176,151.8088235,3.411764706,1.529411765,1.882352941,1968.588235
South Morang,Northern Metropolitan,649171.4286,496.0571429,192.9142857,3.685714286,2.142857143,2.142857143,2004.371429
Springvale,South-Eastern Metropolitan,861928.5714,684,109.7142857,2.857142857,1.285714286,2.285714286,1957.142857
St Albans,Western Metropolitan,599920,528.4,130.4,3.28,1.4,1.84,1976.04
Sunbury,Western Metropolitan,530000,653.9387755,155.2857143,3.367346939,1.714285714,2.12244898,1988.755102
Tarneit,Western Metropolitan,505136.3636,420.3636364,138.1818182,3.545454545,1.909090909,1.909090909,2009.090909
Taylors Hill,Western Metropolitan,653944.4444,556.1111111,234.2222222,3.666666667,2.055555556,2.111111111,2005.611111
Werribee,Western Metropolitan,535353.3333,569.4,145.9333333,3.3,1.55,1.8,1985.2
Wyndham Vale,Western Metropolitan,493666.6667,539.8333333,144.545,3.416666667,1.583333333,1.666666667,2000
Beaumaris,Southern Metropolitan,2007500,694.6,234.1333333,4,2.333333333,2.533333333,1983.666667
Blackburn,Eastern Metropolitan,1369230.769,613.0769231,173.9230769,3.461538462,1.769230769,2.153846154,1968
Bonbeach,South-Eastern Metropolitan,1156625,570.625,172.125,3.5,2,2.125,1975.25
Boronia,Eastern Metropolitan,765038.4615,829.0769231,141.3076923,3.538461538,1.538461538,2.153846154,1971.692308
Burwood East,Eastern Metropolitan,1105400,562.4,148.4,3.3,1.9,1.9,1976.3
Caroline Springs,Western Metropolitan,668100,431.8,218.249,3.5,2,2.4,2005.9
Carrum,South-Eastern Metropolitan,697750,453.3333333,97,3,1.333333333,1.666666667,1957.5
Chelsea,South-Eastern Metropolitan,784666.6667,448.6666667,119,2.666666667,1.333333333,2.333333333,1975
Clayton,South-Eastern Metropolitan,1104550,576.4,134.5,3.2,1.4,1.4,1969
Dandenong,South-Eastern Metropolitan,725250,655.625,144.625,3.25,1.5,1.75,1975.125
Dingley Village,South-Eastern Metropolitan,956690.4762,581.5238095,180.9047619,3.666666667,2.047619048,2.142857143,1984.333333
Doveton,South-Eastern Metropolitan,552250,604.1666667,108.8333333,3,1.166666667,1.666666667,1968.666667
Frankston,South-Eastern Metropolitan,679087.9333,633.2666667,139.118,3.4,1.5,2.466666667,1969.066667
Glen Waverley,Eastern Metropolitan,1447362.5,653.725,167.44625,3.775,1.925,1.8,1976.425
Greenvale,Northern Metropolitan,802403.2258,916.483871,233.5551613,4.193548387,2.290322581,2.483870968,2001.774194
Heathmont,Eastern Metropolitan,973678.5714,606.3571429,172.2857143,3.571428571,1.928571429,2.428571429,1974.142857
Hoppers Crossing,Western Metropolitan,555608.6957,586.8913043,142.7726087,3.304347826,1.652173913,2.304347826,1987.195652
Melton South,Western Victoria,447583.3333,719.1666667,121.0833333,3.333333333,1.208333333,2.041666667,1978.125
Melton West,Northern Victoria,469115.3846,761.7692308,156.5323077,3.615384615,1.692307692,2.384615385,1990.461538
Mentone,South-Eastern Metropolitan,1086804.348,422.6086957,175.736313,3.347826087,1.913043478,1.913043478,1979.521739
Mooroolbark,Eastern Victoria,723272.7273,856.6363636,126.2318182,3.272727273,1.363636364,2.090909091,1975
Mordialloc,South-Eastern Metropolitan,1216000,487.5454545,197.3636364,3.636363636,2.181818182,1.909090909,1980.909091
Oakleigh East,Southern Metropolitan,977250,451.125,118.75,2.875,1.5,1.75,1982.5
Ringwood East,Eastern Metropolitan,988857.1429,709.2142857,129.6428571,3.285714286,1.571428571,1.785714286,1966.071429
Roxburgh Park,Northern Metropolitan,547920,467.84,153.64,3.52,2.04,1.84,1999.04
Seabrook,Western Metropolitan,614666.6667,531.3333333,136.3333333,3.333333333,1.666666667,2,1994.666667
Templestowe,Eastern Metropolitan,1598075.727,886,266,4.181818182,2.5,2.181818182,1983.5
Thomastown,Northern Metropolitan,676250,560.3,132.15,3.05,1.25,2.2,1973.95
Vermont,Eastern Metropolitan,1121708.333,604.0833333,174.5,3.75,1.666666667,2.25,1979.916667
Watsonia North,Northern Metropolitan,823500,569.125,144,3.5,1.5,2.5,1976.125
Westmeadows,Northern Metropolitan,646090.9091,579.0909091,149.8181818,3.363636364,1.727272727,2.545454545,1981.181818
Wheelers Hill,South-Eastern Metropolitan,1343800,723.9,235.7,4.6,2.3,2.2,1980.6
Bayswater North,Eastern Metropolitan,750500,629,150.75,3.25,2,1.5,1986
Berwick,Eastern Victoria,755550,679.1,224.401,3.7,2.5,1.9,1994.8
Black Rock,Southern Metropolitan,1297800,308.6,161.4,3,1.8,1.4,1972
Blackburn North,Eastern Metropolitan,1155600,588.6,186.6,3.8,2.1,2.2,1969.7
Bundoora,Northern Metropolitan,846335.9375,532.875,167.03125,3.59375,1.71875,1.75,1982.71875
Carrum Downs,South-Eastern Metropolitan,538423.0769,578.6923077,138.6923077,3.230769231,1.692307692,1.923076923,1993.461538
Croydon North,Eastern Metropolitan,826937.5,901.75,168.625,3.25,1.75,2,1976.625
Ferntree Gully,Eastern Metropolitan,818444.4,738.15,197.2,3.5,2,2.25,1977.95
Gladstone Park,Western Metropolitan,671125,553.0625,139.75,3.3125,1.6875,2.0625,1974.625
Hallam,South-Eastern Metropolitan,623000,695.5,145.935,3,2,3,1987.5
Mulgrave,South-Eastern Metropolitan,1307976.19,613.952381,150.8095238,3.476190476,1.80952381,1.904761905,1976.809524
Notting Hill,Southern Metropolitan,1050333.333,615.6666667,340.6666667,3.333333333,1.666666667,2.333333333,1970
Ringwood North,Eastern Metropolitan,856750,549,141.75,3.5,1.5,1.75,1979.25
Skye,South-Eastern Metropolitan,537849,509.5,124,3.5,1.5,1,1988.5
Sydenham,Western Metropolitan,619750,686.75,170.25,3.75,2,1.75,2000.25
Taylors Lakes,Western Metropolitan,775454.5455,664,249,4,2.272727273,2.090909091,1994.727273
Vermont South,Eastern Metropolitan,1216000,694.1428571,197.7142857,3.857142857,2.142857143,2.285714286,1979.428571
Beaconsfield Upper,Eastern Victoria,675000,1031,161,4,2,2,1960
Blackburn South,Eastern Metropolitan,1179230.769,788.2307692,144.2307692,3.461538462,2,1.692307692,1982.153846
Chelsea Heights,South-Eastern Metropolitan,735812.5,547.25,152,3.5,1.75,1.875,1972.875
Eltham North,Eastern Metropolitan,942812.5,1034.75,197.75,4,2.25,2,1984.375
Meadow Heights,Northern Metropolitan,498850,632.7,112.3,3.3,1.4,1.4,1982.85
Mount Evelyn,Eastern Victoria,596666.6667,1421.333333,153.3333333,3.333333333,1.333333333,1.333333333,1960
Noble Park,South-Eastern Metropolitan,682100,595.6,130.62,3,1.2,2.5,1966.5
North Warrandyte,Eastern Metropolitan,1050000,2353.666667,185.3333333,3.666666667,2,2,1966.666667
Sandhurst,South-Eastern Metropolitan,642500,419,188.5,3.5,2.5,2,2008
Wantirna South,Eastern Metropolitan,1116214.333,670.7142857,203.9047619,4.19047619,2.095238095,2.380952381,1988.52381
Chirnside Park,Eastern Victoria,838491,797,183,3.5,1.5,2.5,1988
Croydon Hills,Eastern Metropolitan,901666.6667,859,166.3333333,3.666666667,2,2,1985
Derrimut,Western Metropolitan,703333.3333,583.3333333,198,4,2,2,2009.666667
Edithvale,South-Eastern Metropolitan,998071.4286,623,184.1428571,3.285714286,2.285714286,2.428571429,1980.142857
Forest Hill,Eastern Metropolitan,1059333.333,559.2666667,174.4266667,3.466666667,1.466666667,1.333333333,1971.933333
Keilor,Western Metropolitan,897250,673.5,195,3.5,1.833333333,2.166666667,1974.666667
Knoxfield,Eastern Metropolitan,982666.6667,726.6666667,221.6666667,4,2.333333333,1.333333333,1985.333333
Lower Plenty,Eastern Metropolitan,1081250,1457.75,166.25,2.75,2,1.5,1984.5
St Helena,Eastern Metropolitan,1051333.333,901.6666667,229,4,2.333333333,2.333333333,1991.666667
Truganina,Western Metropolitan,557562.5,437.375,167.375,3.5,2,1.875,2011.375
Tullamarine,Western Metropolitan,663954.5455,489.8181818,140.8472727,3.181818182,1.363636364,1.818181818,1977.818182
Wollert,Northern Metropolitan,642631.5789,431.7368421,173.5789474,3.684210526,2.105263158,2,2013.578947
Deer Park,Western Metropolitan,616928.5714,548.5714286,128.1428571,3.142857143,1.428571429,1.857142857,1982.142857
Hampton Park,South-Eastern Metropolitan,512500,470.5,117,3.5,1,1.5,1979
Montrose,Eastern Victoria,735000,846,160,4,2,2,1980
Ringwood,Eastern Metropolitan,1007208.333,628.75,165.5,3.25,1.916666667,2.166666667,1977
The Basin,Eastern Metropolitan,477000,518,102,3,1,1,1960
Altona Meadows,Western Metropolitan,669416.6667,517.9166667,152.7416667,3.583333333,1.666666667,2.333333333,1989.75
Clarinda,South-Eastern Metropolitan,986050,1728,222.5,3.833333333,1.666666667,2.333333333,1969.5
Deepdene,Southern Metropolitan,2380000,543.5,271,4.5,2,1.5,2003.5
Delahey,Western Metropolitan,566071.4286,482.7142857,135.2714286,3.285714286,2,1.857142857,1994
Diggers Rest,Western Metropolitan,555333.3333,745.6666667,194.6666667,4.333333333,2.333333333,1.666666667,1981.666667
Hurstbridge,Northern Victoria,790000,1034,225,5,2,2,1985
Kurunjang,Northern Victoria,403000,703.8571429,149.4285714,3.571428571,1.571428571,1.857142857,1992.428571
McKinnon,Southern Metropolitan,1450400,457.8,137.8,3,1.4,2.2,1946.6
Scoresby,Eastern Metropolitan,1040000,798.3333333,144.8333333,3.666666667,2.166666667,2.166666667,1979.333333
Aspendale,South-Eastern Metropolitan,951428.5714,415.4285714,135.2857143,3.142857143,1.714285714,2.142857143,1979.714286
Endeavour Hills,South-Eastern Metropolitan,776000,667.5714286,201.2857143,3.857142857,2.142857143,2.142857143,1986.571429
Narre Warren,South-Eastern Metropolitan,636125,595.5,143.5,3.25,2,1.75,1995.75
Pakenham,Eastern Victoria,517500,707.2857143,229.5714286,3.714285714,1.714285714,1.571428571,1994.571429
Warrandyte,Eastern Metropolitan,1617250,1949.25,266.75,4.25,2.75,2.5,1983.75
Beaconsfield,Eastern Victoria,670000,900,244,4,2,2,2005
Langwarrin,Eastern Victoria,653000,2969.75,186.75,3.75,2,3,2003
Springvale South,South-Eastern Metropolitan,700000,638,105,3,1,2,1980
Yarra Glen,Northern Victoria,620000,863,180.56,3,2,1,1975
Albanvale,Western Metropolitan,540333.3333,552,131.6666667,3.333333333,1,2.333333333,1979.333333
Ardeer,Western Metropolitan,664333.3333,647.5,142.8333333,3.333333333,1.333333333,2.666666667,1964.333333
Brookfield,Western Victoria,497000,673,191.5,4,2,3,2005
Cranbourne North,South-Eastern Metropolitan,500000,579,149,4,2,0,1990
Emerald,Eastern Victoria,558500,1017,61.895,1.5,1,0,1970
Whittlesea,Northern Victoria,601000,972,149,3,2,1,1996
Clayton South,South-Eastern Metropolitan,870277.7778,634.8888889,115.8888889,2.888888889,1.333333333,1.888888889,1968.555556
Coolaroo,Northern Metropolitan,494666.6667,598.3333333,114.6666667,3.166666667,1.166666667,1.666666667,1968.333333
Dallas,Northern Metropolitan,519892.5333,595.7333333,118.4666667,3.266666667,1.4,2.6,1969.333333
Wantirna,Eastern Metropolitan,994426.1818,727,189.3636364,3.909090909,2.272727273,2.272727273,1979.636364
Waterways,South-Eastern Metropolitan,1232000,620,244,4,2,2,2004
Williams Landing,Western Metropolitan,701250,461.5,185,3.75,2,2,2011.25
Campbellfield,Northern Metropolitan,658000,631.5,168.5,4,2,3,1965
Kilsyth,Eastern Metropolitan,762285.7143,775,117.7142857,3,1.285714286,1.714285714,1963.714286
Plumpton,Western Metropolitan,625500,477,178,4,2,2,2012
Burnside,Western Metropolitan,660025,535.25,181,3.5,2,2,2000.5
Cranbourne,South-Eastern Metropolitan,815254,2368,202,4.5,2.5,2.5,1999.5
Kooyong,Southern Metropolitan,3080000,620,339,4,2,3,1930
Attwood,Northern Metropolitan,839166.6667,667.8333333,201.5,4,1.833333333,2.166666667,1999.333333
Croydon South,Eastern Metropolitan,884666.6667,623.3333333,174,3.333333333,2,1.666666667,1983.333333
Botanic Ridge,South-Eastern Metropolitan,750000,629,223,4,2,2,2010
Wattle Glen,Northern Victoria,835000,601,189,4,2,2,2012
Aspendale Gardens,South-Eastern Metropolitan,839375,535.5,120.5,3.5,1.5,2,1985
Mickleham,Northern Metropolitan,982500,5551,316.5,4,3.5,5,2010
Officer,Eastern Victoria,563000,430,155,4,2,2,2013
Upwey,Eastern Victoria,1075000,1993,195,5,2,3,2009
Lysterfield,South-Eastern Metropolitan,730000,622,106,3,1,2,1980
Patterson Lakes,South-Eastern Metropolitan,975000,460,236,4,2,2,2010
Keilor Lodge,Western Metropolitan,653000,625,153,3,2,2,2000
Research,Eastern Metropolitan,930000,731,125,4,2,2,1970